{"cameraMode":{"drawMode":0,"name":"Shaded","section":"Shading Mode"},"sceneLighting":false,"audioPlay":false,"sceneViewState":{"m_AlwaysRefresh":false,"showFog":false,"showSkybox":false,"showFlares":false,"showImageEffects":false,"showParticleSystems":false,"showVisualEffectGraphs":true,"m_FxEnabled":true},"in2DMode":false,"pivot":{"x":-0.9248090386390686,"y":1.6566076278686524,"z":-1.69814932346344},"rotation":{"x":-0.0034780711866915228,"y":0.9621520042419434,"z":-0.012434103526175022,"w":-0.2721559703350067},"size":3.8324294090270998,"orthographic":false}